model,sweep_type,input_tokens_requested,output_tokens_requested,input_tokens_actual,output_tokens_actual,prefill_tokens_per_sec,decode_tokens_per_sec,cpu_freq_khz,timestamp,run,energy_joules,wall_seconds,run_ok
qwen-coder-1.5b,input_sweep,128,64,103,63,83.0,21.8,400000,2026-09-17T10:51:08+08:00,1,132.6557,6.043303611,1
qwen-coder-1.5b,input_sweep,128,64,103,63,84.4,21.5,400000,2026-09-17T10:51:22+08:00,2,131.4421,6.043496059,1
qwen-coder-1.5b,input_sweep,128,64,103,63,83.8,22.3,400000,2026-09-17T10:51:37+08:00,3,129.3716,6.043380741,1
qwen-coder-1.5b,input_sweep,128,64,103,63,86.7,21.7,400000,2026-09-17T10:51:51+08:00,4,127.6211,6.044498145,1
qwen-coder-1.5b,input_sweep,128,64,103,63,83.0,23.4,400000,2026-09-17T10:52:05+08:00,5,126.8725,6.043220403,1
qwen-coder-1.5b,input_sweep,256,64,210,63,85.6,22.3,3123785,2026-09-17T10:52:20+08:00,1,161.2415,7.051357676,1
qwen-coder-1.5b,input_sweep,256,64,210,63,83.8,22.5,1939240,2026-09-17T10:52:35+08:00,2,162.0231,7.052049102,1
qwen-coder-1.5b,input_sweep,256,64,210,63,85.0,20.8,400000,2026-09-17T10:52:50+08:00,3,165.5580,7.050850390,1
qwen-coder-1.5b,input_sweep,256,64,210,63,84.8,21.9,400000,2026-09-17T10:53:06+08:00,4,162.1202,7.051929483,1
qwen-coder-1.5b,input_sweep,256,64,210,63,86.9,22.1,400000,2026-09-17T10:53:21+08:00,5,160.5855,7.052595073,1
qwen-coder-1.5b,input_sweep,384,64,315,63,83.9,22.6,400000,2026-09-17T10:53:36+08:00,1,195.5375,8.057451184,1
qwen-coder-1.5b,input_sweep,384,64,315,63,85.0,22.2,400000,2026-09-17T10:53:53+08:00,2,196.6146,8.058680341,1
qwen-coder-1.5b,input_sweep,384,64,315,63,85.0,22.2,400000,2026-09-17T10:54:09+08:00,3,196.2900,8.058366665,1
qwen-coder-1.5b,input_sweep,384,64,315,63,85.2,20.7,400000,2026-09-17T10:54:25+08:00,4,209.7531,8.057542630,1
qwen-coder-1.5b,input_sweep,384,64,315,63,84.3,17.8,1283159,2026-09-17T10:54:41+08:00,5,176.7560,9.073813033,1
qwen-coder-1.5b,input_sweep,512,64,421,62,86.0,20.4,400000,2026-09-17T10:54:59+08:00,1,224.5332,10.076974872,1
qwen-coder-1.5b,input_sweep,512,64,421,63,85.5,20.7,400000,2026-09-17T10:55:17+08:00,2,227.3265,10.075659924,1
qwen-coder-1.5b,input_sweep,512,64,421,63,86.2,17.6,400000,2026-09-17T10:55:36+08:00,3,215.4412,10.078216300,1
qwen-coder-1.5b,input_sweep,512,64,421,63,85.1,19.7,400000,2026-09-17T10:55:54+08:00,4,224.2966,10.077726182,1
qwen-coder-1.5b,input_sweep,512,64,421,63,86.8,20.5,400000,2026-09-17T10:56:12+08:00,5,223.9460,10.076932407,1
qwen-coder-1.5b,input_sweep,768,64,634,63,80.5,17.1,3134874,2026-09-17T10:56:31+08:00,1,275.9129,13.103401421,1
qwen-coder-1.5b,input_sweep,768,64,634,63,80.6,17.0,400000,2026-09-17T10:56:52+08:00,2,273.5581,13.103462632,1
qwen-coder-1.5b,input_sweep,768,64,634,63,80.1,17.3,400000,2026-09-17T10:57:13+08:00,3,273.3700,13.106776564,1
qwen-coder-1.5b,input_sweep,768,64,634,63,79.0,16.7,400000,2026-09-17T10:57:35+08:00,4,279.5257,14.115105979,1
qwen-coder-1.5b,input_sweep,768,64,634,63,84.0,21.4,400000,2026-09-17T10:57:57+08:00,5,309.3428,12.085536107,1
qwen-coder-1.5b,input_sweep,1024,64,845,63,77.3,16.9,400000,2026-09-17T10:58:17+08:00,1,330.7255,16.134043408,1
qwen-coder-1.5b,input_sweep,1024,64,845,63,74.1,17.3,400000,2026-09-17T10:58:42+08:00,2,327.4753,17.146182392,1
qwen-coder-1.5b,input_sweep,1024,64,845,63,76.0,17.1,400000,2026-09-17T10:59:07+08:00,3,328.4405,17.146262630,1
qwen-coder-1.5b,input_sweep,1024,64,845,63,84.4,20.6,400000,2026-09-17T10:59:33+08:00,4,377.5019,15.106495285,1
qwen-coder-1.5b,input_sweep,1024,64,845,63,75.3,16.8,400000,2026-09-17T10:59:56+08:00,5,326.8170,17.145180455,1
qwen-coder-1.5b,input_sweep,1536,64,1269,63,68.5,16.5,400000,2026-09-17T11:00:21+08:00,1,440.3784,24.219017164,1
qwen-coder-1.5b,input_sweep,1536,64,1269,63,76.8,16.0,400000,2026-09-17T11:00:54+08:00,2,490.6932,22.176119098,1
qwen-coder-1.5b,input_sweep,1536,64,1269,63,70.1,16.3,400000,2026-09-17T11:01:24+08:00,3,431.7665,24.213848519,1
qwen-coder-1.5b,input_sweep,1536,64,1269,63,75.1,16.9,400000,2026-09-17T11:01:57+08:00,4,477.5878,22.241873636,1
qwen-coder-1.5b,input_sweep,1536,64,1269,63,69.1,16.1,400000,2026-09-17T11:02:27+08:00,5,434.9760,24.216886392,1
qwen-coder-1.5b,input_sweep,2048,64,1692,62,71.7,15.8,400000,2026-09-17T11:03:00+08:00,1,596.0248,29.244531158,1
qwen-coder-1.5b,input_sweep,2048,64,1692,63,66.5,16.0,400000,2026-09-17T11:03:37+08:00,2,542.3585,31.282410777,1
qwen-coder-1.5b,input_sweep,2048,64,1692,63,74.2,16.0,400000,2026-09-17T11:04:17+08:00,3,606.2306,28.230310333,1
qwen-coder-1.5b,input_sweep,2048,64,1692,63,66.4,16.4,400000,2026-09-17T11:04:53+08:00,4,540.4849,31.281915974,1
qwen-coder-1.5b,input_sweep,2048,64,1692,63,73.6,15.7,400000,2026-09-17T11:05:33+08:00,5,604.6180,29.241900134,1
qwen-coder-1.5b,output_sweep,512,8,421,7,85.8,21.7,400000,2026-09-17T11:06:10+08:00,1,171.1843,7.051071009,1
qwen-coder-1.5b,output_sweep,512,8,421,7,86.6,21.5,400000,2026-09-17T11:06:26+08:00,2,169.3560,7.051171653,1
qwen-coder-1.5b,output_sweep,512,8,421,7,85.6,22.6,400000,2026-09-17T11:06:41+08:00,3,170.1816,7.050053195,1
qwen-coder-1.5b,output_sweep,512,8,421,7,87.0,20.9,400000,2026-09-17T11:06:56+08:00,4,169.6150,7.050822639,1
qwen-coder-1.5b,output_sweep,512,8,421,7,87.5,22.9,3088432,2026-09-17T11:07:11+08:00,5,168.4310,7.048953478,1
qwen-coder-1.5b,output_sweep,512,16,421,15,86.9,20.9,400000,2026-09-17T11:07:27+08:00,1,176.7222,7.051448526,1
qwen-coder-1.5b,output_sweep,512,16,421,14,86.5,20.8,400000,2026-09-17T11:07:42+08:00,2,176.9770,7.050778725,1
qwen-coder-1.5b,output_sweep,512,16,421,15,86.6,21.4,400000,2026-09-17T11:07:57+08:00,3,177.5756,7.051347274,1
qwen-coder-1.5b,output_sweep,512,16,421,15,81.1,23.1,629183,2026-09-17T11:08:13+08:00,4,223.9103,8.057449765,1
qwen-coder-1.5b,output_sweep,512,16,421,15,84.4,21.3,400000,2026-09-17T11:08:29+08:00,5,204.6087,7.048387953,1
qwen-coder-1.5b,output_sweep,512,32,421,31,85.8,22.0,400000,2026-09-17T11:08:44+08:00,1,197.4157,8.057845399,1
qwen-coder-1.5b,output_sweep,512,32,421,31,86.2,21.3,400000,2026-09-17T11:09:01+08:00,2,196.2013,8.058226340,1
qwen-coder-1.5b,output_sweep,512,32,421,31,86.7,22.6,400000,2026-09-17T11:09:17+08:00,3,194.8216,8.057897442,1
qwen-coder-1.5b,output_sweep,512,32,421,31,85.3,22.1,400000,2026-09-17T11:09:33+08:00,4,195.8640,8.057341820,1
qwen-coder-1.5b,output_sweep,512,32,421,31,85.7,23.0,400000,2026-09-17T11:09:50+08:00,5,195.7659,8.057940407,1
qwen-coder-1.5b,output_sweep,512,64,421,63,85.9,22.1,400000,2026-09-17T11:10:06+08:00,1,231.9075,10.071331780,1
qwen-coder-1.5b,output_sweep,512,64,421,63,84.4,21.6,422812,2026-09-17T11:10:24+08:00,2,234.4324,10.072054219,1
qwen-coder-1.5b,output_sweep,512,64,421,63,86.0,21.8,400000,2026-09-17T11:10:43+08:00,3,233.4454,10.072921447,1
qwen-coder-1.5b,output_sweep,512,64,421,63,85.9,21.8,400000,2026-09-17T11:11:01+08:00,4,232.8709,10.071851672,1
qwen-coder-1.5b,output_sweep,512,64,421,63,87.4,22.2,400000,2026-09-17T11:11:19+08:00,5,229.2477,9.065888813,1
qwen-coder-1.5b,output_sweep,512,128,421,127,86.6,22.9,400000,2026-09-17T11:11:37+08:00,1,297.3780,12.088093225,1
qwen-coder-1.5b,output_sweep,512,128,421,127,86.0,21.2,1114658,2026-09-17T11:11:57+08:00,2,311.4028,13.095062892,1
qwen-coder-1.5b,output_sweep,512,128,421,127,86.7,21.7,400000,2026-09-17T11:12:18+08:00,3,298.5470,12.089183362,1
qwen-coder-1.5b,output_sweep,512,128,421,127,86.3,21.3,400000,2026-09-17T11:12:39+08:00,4,304.2143,13.094538896,1
qwen-coder-1.5b,output_sweep,512,128,421,127,86.4,22.8,1491859,2026-09-17T11:13:00+08:00,5,296.2785,12.087401246,1
qwen-coder-1.5b,output_sweep,512,256,421,255,85.1,21.4,400000,2026-09-17T11:13:20+08:00,1,445.4733,19.137560264,1
qwen-coder-1.5b,output_sweep,512,256,421,255,86.2,20.3,400000,2026-09-17T11:13:48+08:00,2,461.9180,19.138899736,1
qwen-coder-1.5b,output_sweep,512,256,421,255,85.9,20.5,400000,2026-09-17T11:14:15+08:00,3,457.4321,19.138164759,1
qwen-coder-1.5b,output_sweep,512,256,421,255,86.2,22.0,400000,2026-09-17T11:14:43+08:00,4,429.9864,18.135315593,1
qwen-coder-1.5b,output_sweep,512,256,421,255,84.7,20.2,400000,2026-09-17T11:15:09+08:00,5,419.2796,19.151426919,1
qwen-coder-1.5b,output_sweep,512,384,421,113,87.2,21.9,400000,2026-09-17T11:15:37+08:00,1,286.6164,12.086331564,1
qwen-coder-1.5b,output_sweep,512,384,421,383,85.1,21.3,400000,2026-09-17T11:15:57+08:00,2,578.2409,25.185940240,1
qwen-coder-1.5b,output_sweep,512,384,421,383,86.4,18.6,3140254,2026-09-17T11:16:30+08:00,3,483.9288,27.240727882,1
qwen-coder-1.5b,output_sweep,512,384,421,383,85.7,19.7,400000,2026-09-17T11:17:06+08:00,4,614.5674,26.195248814,1
qwen-coder-1.5b,output_sweep,512,384,421,383,87.8,18.1,400000,2026-09-17T11:17:40+08:00,5,490.3365,28.256137821,1
qwen-coder-1.5b,output_sweep,512,512,421,385,86.8,21.2,4699945,2026-09-17T11:18:17+08:00,1,591.1691,25.181076217,1
qwen-coder-1.5b,output_sweep,512,512,421,415,85.8,18.3,400000,2026-09-17T11:18:50+08:00,2,520.5065,29.256375753,1
qwen-coder-1.5b,output_sweep,512,512,421,488,86.8,20.4,400000,2026-09-17T11:19:28+08:00,3,673.4333,30.237711985,1
qwen-coder-1.5b,output_sweep,512,512,421,451,83.8,18.0,400000,2026-09-17T11:20:06+08:00,4,550.6127,32.291053915,1
qwen-coder-1.5b,output_sweep,512,512,421,216,85.1,22.0,400000,2026-09-17T11:20:47+08:00,5,400.9891,17.123969634,1
