sweep_type,input_tokens_requested,output_tokens_requested,run,elapsed_s,energy_uj,cpu_freq_khz
input_sweep,128,64,1,.000849453,96967165398,400000
input_sweep,128,64,1,1.006321721,96986388066,400000
input_sweep,128,64,1,2.013009764,97004776447,677223
input_sweep,128,64,1,3.019811984,97024843107,4100000
input_sweep,128,64,1,4.025885140,97054006362,4100042
input_sweep,128,64,1,5.032852059,97079442577,4102112
input_sweep,128,64,1,6.039906725,97105468328,1232498
input_sweep,128,64,2,.000846886,97159024587,857772
input_sweep,128,64,2,1.006783815,97178420534,4602788
input_sweep,128,64,2,2.013726709,97196701126,400000
input_sweep,128,64,2,3.020794965,97216239162,4099958
input_sweep,128,64,2,4.027146721,97245682263,4100000
input_sweep,128,64,2,5.034544214,97272125128,4100000
input_sweep,128,64,2,6.041458873,97298948545,4100000
input_sweep,128,64,3,.000822337,97345868530,1061785
input_sweep,128,64,3,1.006550939,97365518199,400000
input_sweep,128,64,3,2.013582864,97384075281,400000
input_sweep,128,64,3,3.020874950,97404330844,4100000
input_sweep,128,64,3,4.027169614,97434323687,4100041
input_sweep,128,64,3,5.034151051,97459949415,4099953
input_sweep,128,64,3,6.041411967,97485070628,4096374
input_sweep,256,64,1,.000839462,97541571520,935459
input_sweep,256,64,1,1.006920984,97560659545,427929
input_sweep,256,64,1,2.013772965,97579373975,400000
input_sweep,256,64,1,3.021254329,97599665488,4099958
input_sweep,256,64,1,4.028460510,97628951790,4100000
input_sweep,256,64,1,5.035239911,97658240106,4097320
input_sweep,256,64,1,6.042318656,97683561513,4100049
input_sweep,256,64,1,7.049074684,97708437731,4100291
input_sweep,256,64,2,.000937662,97761846652,474723
input_sweep,256,64,2,1.007126252,97781225082,400000
input_sweep,256,64,2,2.014144964,97799673704,4100000
input_sweep,256,64,2,3.021750642,97819924446,4100000
input_sweep,256,64,2,4.028278432,97849262200,4099958
input_sweep,256,64,2,5.035135052,97878098064,4099953
input_sweep,256,64,2,6.042333888,97902909402,4100000
input_sweep,256,64,2,7.049455416,97928863437,4700000
input_sweep,256,64,3,.000872668,97986986152,3015834
input_sweep,256,64,3,1.006698213,98006966874,400000
input_sweep,256,64,3,2.013571939,98025782683,400000
input_sweep,256,64,3,3.021134798,98045660135,4099958
input_sweep,256,64,3,4.027779409,98075157313,4102837
input_sweep,256,64,3,5.034535041,98104172192,4099725
input_sweep,256,64,3,6.041837417,98128825205,4100000
input_sweep,256,64,3,7.049256110,98153372933,4102299
input_sweep,512,64,1,.000910122,98212798806,400000
input_sweep,512,64,1,1.006609172,98232542896,4681207
input_sweep,512,64,1,2.013438257,98251140993,4100000
input_sweep,512,64,1,3.020766447,98270853101,4099958
input_sweep,512,64,1,4.027568216,98300016234,4102762
input_sweep,512,64,1,5.033954331,98329827071,400000
input_sweep,512,64,1,6.040410010,98359703032,4099958
input_sweep,512,64,1,7.046960685,98388589677,4031172
input_sweep,512,64,1,8.054520372,98414284862,4006446
input_sweep,512,64,1,9.061972133,98439577644,4098047
input_sweep,512,64,2,.000919251,98488164983,400000
input_sweep,512,64,2,1.006811426,98507824540,4612779
input_sweep,512,64,2,2.013838030,98526677458,4700000
input_sweep,512,64,2,3.021474155,98546541970,4100000
input_sweep,512,64,2,4.028304333,98576404992,400000
input_sweep,512,64,2,5.035154630,98606133615,4095891
input_sweep,512,64,2,6.042209664,98635996209,3685519
input_sweep,512,64,2,7.049327144,98664015791,4102026
input_sweep,512,64,2,8.056372763,98689354532,4098887
input_sweep,512,64,2,9.063552479,98714459631,4100000
input_sweep,512,64,3,.000854123,98759923504,400000
input_sweep,512,64,3,1.006919090,98779490532,400000
input_sweep,512,64,3,2.014231262,98798155584,400000
input_sweep,512,64,3,3.021660505,98817911332,4100000
input_sweep,512,64,3,4.028535358,98847508790,4100000
input_sweep,512,64,3,5.035128820,98877013231,400000
input_sweep,512,64,3,6.041954841,98906939119,4100041
input_sweep,512,64,3,7.048623988,98938024855,407728
input_sweep,512,64,3,8.055897439,98963341623,4100000
input_sweep,512,64,3,9.062984723,98989059087,4100000
input_sweep,1024,64,1,.000942321,99046901529,400000
input_sweep,1024,64,1,1.007547549,99066551198,804802
input_sweep,1024,64,1,2.014598280,99085381716,3861430
input_sweep,1024,64,1,3.021863335,99106066051,4100041
input_sweep,1024,64,1,4.028820639,99136097346,4100000
input_sweep,1024,64,1,5.035220696,99165990824,4097636
input_sweep,1024,64,1,6.041867411,99196097986,4100548
input_sweep,1024,64,1,7.048175774,99225523936,4100000
input_sweep,1024,64,1,8.054954356,99254524167,4100000
input_sweep,1024,64,1,9.061603871,99284343975,400000
input_sweep,1024,64,1,10.068271367,99313596891,400000
input_sweep,1024,64,1,11.074878612,99339736839,4100043
input_sweep,1024,64,1,12.081825849,99365161762,4090868
input_sweep,1024,64,1,13.089255598,99390293533,4100000
input_sweep,1024,64,2,.000901556,99437541032,701816
input_sweep,1024,64,2,1.007217973,99457141202,2229551
input_sweep,1024,64,2,2.014021454,99475780863,651588
input_sweep,1024,64,2,3.021363692,99496130970,4600000
input_sweep,1024,64,2,4.027772229,99525516332,400000
input_sweep,1024,64,2,5.034585601,99554729453,3911536
input_sweep,1024,64,2,6.041121362,99584549201,2677700
input_sweep,1024,64,2,7.047491841,99614485098,3631091
input_sweep,1024,64,2,8.054139864,99643843604,4100000
input_sweep,1024,64,2,9.060786680,99673407433,4100000
input_sweep,1024,64,2,10.067888401,99702962838,4100041
input_sweep,1024,64,2,11.074883460,99719329007,400000
input_sweep,1024,64,2,12.084575378,99733867422,3395442
input_sweep,1024,64,2,13.094026074,99748584852,3399302
input_sweep,1024,64,3,.000859024,99797889902,400000
input_sweep,1024,64,3,1.006661761,99818149799,400000
input_sweep,1024,64,3,2.013807230,99837178376,400000
input_sweep,1024,64,3,3.021293750,99856744793,4100000
input_sweep,1024,64,3,4.028197428,99886700283,4100000
input_sweep,1024,64,3,5.034775233,99916062085,400000
input_sweep,1024,64,3,6.041119723,99945945858,400000
input_sweep,1024,64,3,7.048478026,99975399457,3800038
input_sweep,1024,64,3,8.057804572,99991192813,400000
input_sweep,1024,64,3,9.071334037,100005303556,400000
input_sweep,1024,64,3,10.082375827,100019906546,400000
input_sweep,1024,64,3,11.093127263,100034500991,3200032
input_sweep,1024,64,3,12.104003523,100048996132,3300875
input_sweep,1024,64,3,13.113597406,100063409791,3500000
input_sweep,1024,64,3,14.123344536,100078295495,3500000
input_sweep,1024,64,3,15.132937986,100093079027,3500000
input_sweep,2048,64,1,.000834189,100141757918,830203
input_sweep,2048,64,1,1.006810818,100161635248,4615876
input_sweep,2048,64,1,2.013689583,100180180793,400000
input_sweep,2048,64,1,3.021136110,100200313738,4100000
input_sweep,2048,64,1,4.027865480,100229872683,4100000
input_sweep,2048,64,1,5.034692237,100259942796,4100926
input_sweep,2048,64,1,6.041175745,100289862031,400000
input_sweep,2048,64,1,7.048060538,100319035418,400000
input_sweep,2048,64,1,8.056954324,100334286600,400000
input_sweep,2048,64,1,9.068405799,100348795474,400000
input_sweep,2048,64,1,10.079024357,100363281582,3200000
input_sweep,2048,64,1,11.088979852,100377875661,3200000
input_sweep,2048,64,1,12.098888862,100392670057,400000
input_sweep,2048,64,1,13.109744586,100407288549,400000
input_sweep,2048,64,1,14.119613009,100422110045,400000
input_sweep,2048,64,1,15.129213454,100436851584,400000
input_sweep,2048,64,1,16.139028354,100451713973,400000
input_sweep,2048,64,1,17.148547129,100466721991,3248748
input_sweep,2048,64,1,18.158556871,100481634734,3300000
input_sweep,2048,64,1,19.168839847,100496593436,400000
input_sweep,2048,64,1,20.178661184,100511456862,3300000
input_sweep,2048,64,1,21.188249986,100526482092,400000
input_sweep,2048,64,1,22.198363810,100541457945,3300000
input_sweep,2048,64,1,23.207607041,100556170798,3500000
input_sweep,2048,64,1,24.217256581,100571202742,3499813
input_sweep,2048,64,1,25.226536057,100586468267,3400000
input_sweep,2048,64,1,26.236707541,100601527432,3500000
input_sweep,2048,64,2,.000868715,100649089383,915099
input_sweep,2048,64,2,1.007036188,100668936378,400000
input_sweep,2048,64,2,2.014093760,100687592275,1335362
input_sweep,2048,64,2,3.022301038,100707361390,4100041
input_sweep,2048,64,2,4.029644094,100736719225,4100000
input_sweep,2048,64,2,5.036217734,100765457005,4100041
input_sweep,2048,64,2,6.042398731,100795379719,4100000
input_sweep,2048,64,2,7.049605303,100823832405,400000
input_sweep,2048,64,2,8.058391121,100839126311,400000
input_sweep,2048,64,2,9.068898171,100853461907,400000
input_sweep,2048,64,2,10.079134815,100868201371,3034769
input_sweep,2048,64,2,11.090417165,100882753153,400000
input_sweep,2048,64,2,12.100641697,100897315188,3300000
input_sweep,2048,64,2,13.109890222,100912229518,400000
input_sweep,2048,64,2,14.120384900,100926988025,3199967
input_sweep,2048,64,2,15.130234287,100941798595,3199967
input_sweep,2048,64,2,16.140084764,100956652866,400000
input_sweep,2048,64,2,17.150812709,100971706721,3199967
input_sweep,2048,64,2,18.161049827,100986624041,400000
input_sweep,2048,64,2,19.171333410,101001590312,400000
input_sweep,2048,64,2,20.181934176,101016303348,400000
input_sweep,2048,64,2,21.191416617,101031277736,400000
input_sweep,2048,64,2,22.201354908,101046483629,3300000
input_sweep,2048,64,2,23.210799595,101061264292,3400034
input_sweep,2048,64,2,24.220862377,101076164279,3500035
input_sweep,2048,64,2,25.229923534,101091129633,3500038
input_sweep,2048,64,2,26.239029147,101106257158,3600000
input_sweep,2048,64,2,27.248558646,101121560891,3400000
input_sweep,2048,64,3,.000852091,101166699935,799273
input_sweep,2048,64,3,1.007086657,101186503779,4700000
input_sweep,2048,64,3,2.014479595,101205076180,4700000
input_sweep,2048,64,3,3.021750704,101225115008,4100000
input_sweep,2048,64,3,4.028849576,101256439574,400000
input_sweep,2048,64,3,5.035822563,101285631394,4100000
input_sweep,2048,64,3,6.043181671,101315534149,4065213
input_sweep,2048,64,3,7.050705903,101345108048,4099958
input_sweep,2048,64,3,8.057838402,101363725432,400000
input_sweep,2048,64,3,9.068492962,101378016655,400000
input_sweep,2048,64,3,10.078526496,101392484636,400000
input_sweep,2048,64,3,11.088355543,101407119913,400000
input_sweep,2048,64,3,12.098987700,101421973025,3200000
input_sweep,2048,64,3,13.112338021,101436567958,400000
input_sweep,2048,64,3,14.122572033,101451223377,400000
input_sweep,2048,64,3,15.132557580,101466149181,400000
input_sweep,2048,64,3,16.142826436,101480867954,400000
input_sweep,2048,64,3,17.152543084,101495997676,3200000
input_sweep,2048,64,3,18.162469630,101510858173,400000
input_sweep,2048,64,3,19.172570878,101525702190,400000
input_sweep,2048,64,3,20.182548781,101540700931,400000
input_sweep,2048,64,3,21.192430190,101555766872,400000
input_sweep,2048,64,3,22.202113243,101570821154,3199967
input_sweep,2048,64,3,23.212104211,101585412059,3500000
input_sweep,2048,64,3,24.221322580,101600504611,3500000
input_sweep,2048,64,3,25.230482299,101615462092,3599607
input_sweep,2048,64,3,26.239962539,101630611284,3500000
output_sweep,512,8,1,.000859731,101683480351,400000
output_sweep,512,8,1,1.006877388,101702783890,4700047
output_sweep,512,8,1,2.013446478,101721221343,4614745
output_sweep,512,8,1,3.020964607,101741458291,4100000
output_sweep,512,8,1,4.027750471,101770865381,4100041
output_sweep,512,8,1,5.034971463,101802857609,400000
output_sweep,512,8,1,6.041463338,101833191759,400000
output_sweep,512,8,1,7.048071422,101861728674,409118
output_sweep,512,8,2,.000839779,101907838175,3414609
output_sweep,512,8,2,1.007362147,101927630055,4608823
output_sweep,512,8,2,2.014589933,101946379336,4700000
output_sweep,512,8,2,3.021701596,101966300550,4100000
output_sweep,512,8,2,4.028422595,101995759214,4100000
output_sweep,512,8,2,5.035257320,102025035995,4100000
output_sweep,512,8,2,6.041979019,102054189973,4097252
output_sweep,512,8,2,7.049845868,102076987217,400000
output_sweep,512,8,3,.000862177,102119590562,1086093
output_sweep,512,8,3,1.006706543,102139389828,4600322
output_sweep,512,8,3,2.013857639,102157569896,4651160
output_sweep,512,8,3,3.021989894,102177134238,4100000
output_sweep,512,8,3,4.028883524,102206685005,4100000
output_sweep,512,8,3,5.036226085,102236359612,400000
output_sweep,512,8,3,6.042628397,102266169228,3837947
output_sweep,512,8,3,7.049335498,102293682524,1054471
output_sweep,512,32,1,.000848385,102340730926,848423
output_sweep,512,32,1,1.007012277,102360255291,400000
output_sweep,512,32,1,2.014086656,102378840326,3386381
output_sweep,512,32,1,3.021901654,102399352053,4100000
output_sweep,512,32,1,4.028621612,102428895801,4100000
output_sweep,512,32,1,5.035397261,102458210057,400000
output_sweep,512,32,1,6.041814848,102487647482,3802277
output_sweep,512,32,1,7.048950767,102515541819,4087997
output_sweep,512,32,1,8.057645172,102538055861,400000
output_sweep,512,32,2,.000863371,102579000946,400000
output_sweep,512,32,2,1.007135852,102598651470,4695648
output_sweep,512,32,2,2.014267306,102617306451,400000
output_sweep,512,32,2,3.021807498,102639692869,400000
output_sweep,512,32,2,4.028753870,102669145308,4100000
output_sweep,512,32,2,5.036026771,102698792083,400000
output_sweep,512,32,2,6.042660261,102728399490,400000
output_sweep,512,32,2,7.049646356,102757763672,4009090
output_sweep,512,32,2,8.057684146,102773304709,400000
output_sweep,512,32,3,.000867461,102816592257,732962
output_sweep,512,32,3,1.007063558,102836376142,770734
output_sweep,512,32,3,2.014094087,102854885982,400000
output_sweep,512,32,3,3.021937943,102875129522,4100000
output_sweep,512,32,3,4.029059726,102904914419,4100041
output_sweep,512,32,3,5.036006862,102934651830,4100000
output_sweep,512,32,3,6.042729584,102964394064,4100041
output_sweep,512,32,3,7.049401911,102991895031,4100000
output_sweep,512,32,3,8.057044069,103011624595,2584798
output_sweep,512,64,1,.000860426,103058618798,400000
output_sweep,512,64,1,1.007011025,103078351414,4610749
output_sweep,512,64,1,2.013791628,103097071520,3154842
output_sweep,512,64,1,3.021533477,103116776059,4100000
output_sweep,512,64,1,4.028674850,103145854903,4100000
output_sweep,512,64,1,5.035435247,103175466277,4100041
output_sweep,512,64,1,6.042315673,103204125689,4100000
output_sweep,512,64,1,7.049500484,103230175488,3500000
output_sweep,512,64,1,8.059079385,103244731115,3300000
output_sweep,512,64,1,9.069896491,103259281431,3400000
output_sweep,512,64,2,.000846074,103307117796,400000
output_sweep,512,64,2,1.007212953,103326872750,400000
output_sweep,512,64,2,2.014352309,103345553610,4100000
output_sweep,512,64,2,3.022100889,103365479158,4100041
output_sweep,512,64,2,4.029081269,103395140092,4100000
output_sweep,512,64,2,5.035856669,103424490603,4100000
output_sweep,512,64,2,6.042820267,103454305590,4100000
output_sweep,512,64,2,7.049580677,103482281959,4591168
output_sweep,512,64,2,8.057822032,103500542899,3300033
output_sweep,512,64,2,9.068191962,103514949478,3400034
output_sweep,512,64,3,.000866233,103568780212,2696573
output_sweep,512,64,3,1.006988972,103588643625,400000
output_sweep,512,64,3,2.013821878,103607569907,3217373
output_sweep,512,64,3,3.021225677,103627991120,4100000
output_sweep,512,64,3,4.027808818,103657924698,4100000
output_sweep,512,64,3,5.034827329,103687723511,4103106
output_sweep,512,64,3,6.041453310,103717707443,4099958
output_sweep,512,64,3,7.048673375,103742207136,3400000
output_sweep,512,64,3,8.058760326,103756570686,598499
output_sweep,512,64,3,9.068230195,103771043427,3400000
output_sweep,512,128,1,.000954310,103822751547,400000
output_sweep,512,128,1,1.007214926,103842406281,1021131
output_sweep,512,128,1,2.014020047,103861044539,3749719
output_sweep,512,128,1,3.021699443,103881084100,4100000
output_sweep,512,128,1,4.028805816,103910643900,4100000
output_sweep,512,128,1,5.036067146,103940412073,4100041
output_sweep,512,128,1,6.042868759,103969860057,400000
output_sweep,512,128,1,7.050241105,103998095702,4100046
output_sweep,512,128,1,8.057596190,104016285475,3294581
output_sweep,512,128,1,9.068158977,104030724342,3400034
output_sweep,512,128,1,10.078245768,104045237061,3500000
output_sweep,512,128,1,11.087750041,104059811853,3400000
output_sweep,512,128,1,12.097654514,104074551256,1584265
output_sweep,512,128,2,.000845548,104123764997,400000
output_sweep,512,128,2,1.006887016,104143516717,400000
output_sweep,512,128,2,2.013682087,104162200079,400000
output_sweep,512,128,2,3.021171025,104182458023,4100000
output_sweep,512,128,2,4.027791829,104211969178,400000
output_sweep,512,128,2,5.035097397,104241758897,4100000
output_sweep,512,128,2,6.041342951,104271206148,400000
output_sweep,512,128,2,7.047970584,104299388754,4100000
output_sweep,512,128,2,8.055635831,104316689491,3400132
output_sweep,512,128,2,9.065933504,104331097291,3397962
output_sweep,512,128,2,10.076187493,104345550379,3400249
output_sweep,512,128,2,11.086081167,104360251819,3500132
output_sweep,512,128,2,12.095874464,104374952159,3483423
output_sweep,512,128,3,.000934962,104427898252,400362
output_sweep,512,128,3,1.006887879,104447563912,4484450
output_sweep,512,128,3,2.013961515,104466308127,4700000
output_sweep,512,128,3,3.021490626,104486864715,400000
output_sweep,512,128,3,4.028190776,104516616225,4097961
output_sweep,512,128,3,5.035173910,104544921268,4100000
output_sweep,512,128,3,6.041653815,104574745593,4100000
output_sweep,512,128,3,7.048400590,104603178321,4000000
output_sweep,512,128,3,8.056506513,104618624509,3399958
output_sweep,512,128,3,9.066902412,104633054343,3399916
output_sweep,512,128,3,10.076927782,104647646591,3400000
output_sweep,512,128,3,11.086985789,104662292854,3430872
output_sweep,512,128,3,12.096941258,104676968232,3400754
output_sweep,512,128,3,13.106771223,104691429926,3600000
output_sweep,512,256,1,.000872707,104739130426,1493421
output_sweep,512,256,1,1.007511590,104758867192,400000
output_sweep,512,256,1,2.014406418,104777565997,3383376
output_sweep,512,256,1,3.022711643,104797640591,4100000
output_sweep,512,256,1,4.029678494,104827278516,3689647
output_sweep,512,256,1,5.036932345,104856288696,4093573
output_sweep,512,256,1,6.043781846,104886381331,4077991
output_sweep,512,256,1,7.050519454,104914609042,4100000
output_sweep,512,256,1,8.058232912,104935413432,3400000
output_sweep,512,256,1,9.067737586,104949999759,3300000
output_sweep,512,256,1,10.077938967,104964432034,3364092
output_sweep,512,256,1,11.087695207,104978944998,3398069
output_sweep,512,256,1,12.097010908,104993678420,3399828
output_sweep,512,256,1,13.107060104,105008362891,3400000
output_sweep,512,256,1,14.116398869,105023205383,3500035
output_sweep,512,256,1,15.126342754,105038002037,400000
output_sweep,512,256,1,16.135988688,105052819259,3500000
output_sweep,512,256,1,17.146485736,105067952521,3400000
output_sweep,512,256,1,18.156761023,105082833770,3399677
output_sweep,512,256,2,.000839729,105132130336,1404768
output_sweep,512,256,2,1.006884172,105151647864,4700000
output_sweep,512,256,2,2.013896751,105170395374,400000
output_sweep,512,256,2,3.021138329,105190346251,4100000
output_sweep,512,256,2,4.028005971,105220185774,4100000
output_sweep,512,256,2,5.034667417,105251355006,4099958
output_sweep,512,256,2,6.041399243,105281337412,4102277
output_sweep,512,256,2,7.048346720,105308962647,4100000
output_sweep,512,256,2,8.056218591,105327253249,3398677
output_sweep,512,256,2,9.065903629,105341545449,3400000
output_sweep,512,256,2,10.075116805,105356113344,3499959
output_sweep,512,256,2,11.084730865,105370810572,3399964
output_sweep,512,256,2,12.094674716,105385478442,3400000
output_sweep,512,256,2,13.104751193,105400533091,3201305
output_sweep,512,256,2,14.115980173,105415078830,3400000
output_sweep,512,256,2,15.125773645,105429939632,3500000
output_sweep,512,256,2,16.135474557,105444773883,3400000
output_sweep,512,256,2,17.145201090,105459812236,3400143
output_sweep,512,256,2,18.155363591,105474667484,3399418
output_sweep,512,256,2,19.165105670,105489653895,3400000
output_sweep,512,256,3,.000872827,105531980386,400000
output_sweep,512,256,3,1.007084445,105551622060,4326309
output_sweep,512,256,3,2.014186542,105570127750,400000
output_sweep,512,256,3,3.021722621,105589890333,4100000
output_sweep,512,256,3,4.028538446,105619425963,4100465
output_sweep,512,256,3,5.035737281,105648971420,4099655
output_sweep,512,256,3,6.043222103,105678154145,4100335
output_sweep,512,256,3,7.049690281,105706249410,912023
output_sweep,512,256,3,8.057247404,105722871560,3500000
output_sweep,512,256,3,9.066732808,105737440432,3109652
output_sweep,512,256,3,10.077150921,105752003566,399642
output_sweep,512,256,3,11.087120302,105766537891,3499961
output_sweep,512,256,3,12.097505955,105781361950,3500039
output_sweep,512,256,3,13.107302706,105795985204,1012378
output_sweep,512,256,3,14.116836733,105811059384,3400000
output_sweep,512,256,3,15.126912760,105825794820,3400079
output_sweep,512,256,3,16.136792439,105840827923,3400000
output_sweep,512,256,3,17.146545049,105855483403,3401034
output_sweep,512,256,3,18.156948803,105870739590,3398431
output_sweep,512,256,3,19.167946500,105885417958,1239900
output_sweep,512,512,1,.000878657,105933014577,723755
output_sweep,512,512,1,1.006972848,105952705933,4700000
output_sweep,512,512,1,2.013777937,105971691114,1553976
output_sweep,512,512,1,3.021319390,105991166161,4100000
output_sweep,512,512,1,4.027984713,106020037731,400000
output_sweep,512,512,1,5.034484556,106049734798,4100000
output_sweep,512,512,1,6.041245315,106079378216,4100000
output_sweep,512,512,1,7.048360158,106107501801,4100000
output_sweep,512,512,1,8.056316699,106130865084,3400000
output_sweep,512,512,1,9.065861359,106145381404,3400000
output_sweep,512,512,1,10.075616333,106159722004,3400000
output_sweep,512,512,1,11.085080251,106174310895,3500000
output_sweep,512,512,1,12.095196007,106189090032,3400036
output_sweep,512,512,1,13.104926617,106203797514,3317458
output_sweep,512,512,1,14.114515000,106218612662,3400000
output_sweep,512,512,1,15.124591713,106233446547,3400000
output_sweep,512,512,1,16.134423403,106248215308,3500000
output_sweep,512,512,1,17.143597911,106262923339,3356852
output_sweep,512,512,1,18.152164317,106278047812,400000
output_sweep,512,512,1,19.161370251,106292858138,3495244
output_sweep,512,512,1,20.171317772,106308010260,3500133
output_sweep,512,512,1,21.180436584,106322960234,3400184
output_sweep,512,512,1,22.190284800,106338074270,3398441
output_sweep,512,512,1,23.199533717,106352855726,3502645
output_sweep,512,512,1,24.208828105,106367899206,3500000
output_sweep,512,512,2,.000860032,106418863248,1002981
output_sweep,512,512,2,1.006949296,106438253518,4700000
output_sweep,512,512,2,2.014005888,106457365529,400000
output_sweep,512,512,2,3.021421375,106477300354,4099958
output_sweep,512,512,2,4.027914668,106506245531,400000
output_sweep,512,512,2,5.034953763,106535424351,4100000
output_sweep,512,512,2,6.041716022,106565409259,4100000
output_sweep,512,512,2,7.048270020,106593841254,400000
output_sweep,512,512,2,8.056351939,106613635759,3300675
output_sweep,512,512,2,9.066417095,106627900188,3242207
output_sweep,512,512,2,10.075419403,106642329228,3454225
output_sweep,512,512,2,11.084659012,106657093656,3400000
output_sweep,512,512,2,12.094475851,106671766836,400000
output_sweep,512,512,2,13.104037392,106686478529,3399277
output_sweep,512,512,2,14.114112185,106701339697,3254275
output_sweep,512,512,2,15.124065649,106716153807,3401191
output_sweep,512,512,2,16.133769823,106731032004,3498642
output_sweep,512,512,2,17.143551924,106745996504,3229295
output_sweep,512,512,2,18.153732573,106760910834,3399040
output_sweep,512,512,2,19.163813869,106775745147,3500000
output_sweep,512,512,2,20.173081454,106790803824,3499910
output_sweep,512,512,2,21.183059978,106805740248,3400000
output_sweep,512,512,2,22.192758981,106820646826,3600000
output_sweep,512,512,2,23.202098386,106835612120,3500000
output_sweep,512,512,2,24.211753468,106850846029,3499957
output_sweep,512,512,2,25.221073929,106865657209,3600000
output_sweep,512,512,2,26.230372004,106880764348,3600000
output_sweep,512,512,2,27.239799833,106895902737,3600000
output_sweep,512,512,3,.000845104,106942066681,920421
output_sweep,512,512,3,1.006808720,106961458966,4700000
output_sweep,512,512,3,2.014322988,106979998408,4609137
output_sweep,512,512,3,3.022375979,106999918279,4100041
output_sweep,512,512,3,4.029588513,107029271048,4100000
output_sweep,512,512,3,5.036826438,107058875769,4103660
output_sweep,512,512,3,6.043745691,107089990131,4100000
output_sweep,512,512,3,7.050814464,107117849801,4100000
output_sweep,512,512,3,8.058597371,107139610914,3400000
output_sweep,512,512,3,9.067946799,107154070411,3399965
output_sweep,512,512,3,10.077574498,107168527283,3400000
output_sweep,512,512,3,11.087216135,107183102502,3500045
output_sweep,512,512,3,12.096572738,107197662157,3493992
output_sweep,512,512,3,13.106126979,107212261973,3556090
output_sweep,512,512,3,14.115156417,107227288058,3499964
output_sweep,512,512,3,15.124796365,107242473383,3200000
output_sweep,512,512,3,16.135453336,107256961932,928011
output_sweep,512,512,3,17.145284701,107271892070,3500000
output_sweep,512,512,3,18.155463749,107286855960,3506317
output_sweep,512,512,3,19.164647933,107301590602,3600000
output_sweep,512,512,3,20.174054728,107316736987,782216
output_sweep,512,512,3,21.183826242,107331811838,3468802
output_sweep,512,512,3,22.194405775,107346790193,3500497
output_sweep,512,512,3,23.203604369,107361733576,3498846
output_sweep,512,512,3,24.213342658,107376738847,3600000
output_sweep,512,512,3,25.222972076,107391782144,3600043
output_sweep,512,512,3,26.232796444,107406907532,3500000
output_sweep,512,512,3,27.242092542,107422008568,3500977
output_sweep,512,512,3,28.251526512,107437067611,3500000
output_sweep,512,512,3,29.261217890,107452111884,3500000
